Distance,BlockSize,Algorithm,Metric
50,512,time_domain_crossfade,0.006166168954223394
50,128,time_domain_crossfade,0.006186031736433506
50,512,frequency_domain_crossfade,0.0062067327089607716
50,128,frequency_domain_crossfade,0.006222615018486977
100,512,time_domain_crossfade,0.006231027655303478
50,2048,time_domain_crossfade,0.00623704306781292
50,2048,frequency_domain_crossfade,0.006246870383620262
100,128,time_domain_crossfade,0.006249323952943087
100,512,frequency_domain_crossfade,0.006285498850047588
100,128,frequency_domain_crossfade,0.0062974258325994015
100,2048,time_domain_crossfade,0.0063030351884663105
100,2048,frequency_domain_crossfade,0.0063237277790904045
50,128,faded_stepwise_update,0.006494966801255941
100,128,faded_stepwise_update,0.006638681516051292
200,512,time_domain_crossfade,0.006820094771683216
200,128,time_domain_crossfade,0.006843056064099073
200,2048,time_domain_crossfade,0.006883385591208935
200,512,frequency_domain_crossfade,0.006900506559759378
200,128,frequency_domain_crossfade,0.006905905902385712
200,2048,frequency_domain_crossfade,0.0069277179427444935
50,512,faded_stepwise_update,0.007068414241075516
100,512,faded_stepwise_update,0.007417510729283094
200,128,faded_stepwise_update,0.007481996435672045
50,2048,faded_stepwise_update,0.008418549783527851
200,512,faded_stepwise_update,0.008854222483932972
50,128,stepwise_update,0.008930996060371399
100,2048,faded_stepwise_update,0.009095611982047558
100,128,stepwise_update,0.009761235676705837
50,512,stepwise_update,0.009921884164214134
100,512,stepwise_update,0.010977279394865036
200,2048,faded_stepwise_update,0.011468296870589256
50,2048,stepwise_update,0.011718214489519596
200,128,stepwise_update,0.012706988491117954
100,2048,stepwise_update,0.013140344992280006
200,512,stepwise_update,0.01449571829289198
200,2048,stepwise_update,0.017619198188185692
